address,network,entity,label,category,source,source_url,confidence,last_updated
0x1548cf5cf7dbd93f4da11f45fcce315573d21b60,celo,bridge,Optics: ERC-20 Bridge,bridge,eth-labels,https://github.com/dawsbot/eth-labels,medium,2026-07-17
0x796dff6d74f3e27060b71255fe517bfb23c93eed,celo,bridge,Wormhole: Token Bridge,bridge,eth-labels,https://github.com/dawsbot/eth-labels,medium,2026-07-17
0xa321448d90d4e5b0a732867c18ea198e75cac48e,celo,bridge,Wormhole: Celo Core Bridge,bridge,eth-labels,https://github.com/dawsbot/eth-labels,medium,2026-07-17
0xa6a377d75ca5c9052c9a77ed1e865cc25bd97bf3,celo,bridge,Wormhole: NFT Bridge,bridge,eth-labels,https://github.com/dawsbot/eth-labels,medium,2026-07-17
0xbbbd1bbb4f9b936c3604906d7592a644071de884,celo,bridge,Allbridge: Bridge,bridge,eth-labels,https://github.com/dawsbot/eth-labels,medium,2026-07-17
0x0ca8f5be54546996ec1e96a41870fc4477c4e664,celo,contract-deployer,Allbridge: Deployer,bridge,eth-labels,https://github.com/dawsbot/eth-labels,medium,2026-07-17
0x135907936537a44763817ac7fc30abaec9a81fab,celo,contract-deployer,Wormhole: Deployer,bridge,eth-labels,https://github.com/dawsbot/eth-labels,medium,2026-07-17
0xe2e2d9e31d7e1cc1178fe0d1c5950f6c809816a3,celo,contract-deployer,Wormhole: Deployer 1,bridge,eth-labels,https://github.com/dawsbot/eth-labels,medium,2026-07-17
0x37f750b7cc259a2f741af45294f6a16572cf5cad,celo,token-contract,Wormhole: USDC Token,bridge,eth-labels,https://github.com/dawsbot/eth-labels,medium,2026-07-17
0x617f3112bf5397d0467d315cc709ef968d9ba546,celo,token-contract,Wormhole: USDT Token,bridge,eth-labels,https://github.com/dawsbot/eth-labels,medium,2026-07-17
0x6e512bfc33be36f2666754e996ff103ad1680cc9,celo,token-contract,Allbridge: ABR Token,bridge,eth-labels,https://github.com/dawsbot/eth-labels,medium,2026-07-17
0x1fe80d5ad9464dba2d60b88e449305f184823f8a,celo,0x-protocol,0x: Transformer Deployer,defi,eth-labels,https://github.com/dawsbot/eth-labels,medium,2026-07-17
0x92115010fd9b170d4918b102efc86b1b7bebdc7f,celo,0x-protocol,0x: Exchange Proxy Governor,defi,eth-labels,https://github.com/dawsbot/eth-labels,medium,2026-07-17
0xdb6f1920a889355780af7570773609bd8cb1f498,celo,0x-protocol,0x: Flash Wallet,defi,eth-labels,https://github.com/dawsbot/eth-labels,medium,2026-07-17
0xdef1c0ded9bec7f1a1670819833240f027b25eff,celo,0x-protocol,0x: Exchange Proxy,defi,eth-labels,https://github.com/dawsbot/eth-labels,medium,2026-07-17
0x29dfce9c22003a4999930382fd00f9fd6133acd1,celo,optics,Optics: SUSHI Token,defi,eth-labels,https://github.com/dawsbot/eth-labels,medium,2026-07-17
0x2def4285787d58a2f811af24755a8150622f4361,celo,token-contract,Compound Finance: cETH Token,defi,eth-labels,https://github.com/dawsbot/eth-labels,medium,2026-07-17
0xd15ec721c2a896512ad29c671997dd68f9593226,celo,token-contract,Sushi: Sushi Token,defi,eth-labels,https://github.com/dawsbot/eth-labels,medium,2026-07-17
0x26e6b535a62d2ce81bc84dbfd836548a2fcb3104,celo,01-node,Validator Group: 01 Node 1,entity,eth-labels,https://github.com/dawsbot/eth-labels,medium,2026-07-17
0x7b41d719f51ca1e057aecb8718c649aff0c16895,celo,01-node,Validator: 01 Node 1,entity,eth-labels,https://github.com/dawsbot/eth-labels,medium,2026-07-17
0x394b846e0ecf83ef350a2a7ccb7be0c6552e7cbc,celo,a16z,Validator: a16z Validator 3,entity,eth-labels,https://github.com/dawsbot/eth-labels,medium,2026-07-17
0x4da92da1afbf103f2b52dd29326e34c98ca1e78c,celo,a16z,Validator Group: a16z 1,entity,eth-labels,https://github.com/dawsbot/eth-labels,medium,2026-07-17
0xb2728edcc9c255c2d053ea6cae31cfd584b758d3,celo,a16z,Validator: a16z Validator 1,entity,eth-labels,https://github.com/dawsbot/eth-labels,medium,2026-07-17
0xfce0779607246eb5121a5a4192d6ac4a758c217d,celo,a16z,Validator: a16z Validator 2,entity,eth-labels,https://github.com/dawsbot/eth-labels,medium,2026-07-17
0xa512cbe686eddb170219aa23ce6cb243fa2873cb,celo,academia,Validator Group: Academia,entity,eth-labels,https://github.com/dawsbot/eth-labels,medium,2026-07-17
0x0f66619058bb9675f3d394fcc2ce236a29901571,celo,alive29,Validator Group: Alive29,entity,eth-labels,https://github.com/dawsbot/eth-labels,medium,2026-07-17
0x28b5f40c3f5883021408ce79f20fcf282e873236,celo,alive29,Validator: Alive29x1,entity,eth-labels,https://github.com/dawsbot/eth-labels,medium,2026-07-17
0x869b7f65801e75f087a493d9d3c8022dcf964b1f,celo,alpha-group,Validator Group: Alpha Group,entity,eth-labels,https://github.com/dawsbot/eth-labels,medium,2026-07-17
0xfa592ae90e407da044602342625aaabbf5d50c22,celo,alpha-virtual,Validator Group: Alpha Virtual,entity,eth-labels,https://github.com/dawsbot/eth-labels,medium,2026-07-17
0x35ae10f412503abcf9275133613e8df7f56e72be,celo,anchorage,Validator Group: Anchorage,entity,eth-labels,https://github.com/dawsbot/eth-labels,medium,2026-07-17
0x69cd274c6acbc08f664ed7b2d54aab6615bc1d70,celo,anyblock-analytics-group,Validator Group: Anyblock Analytics Group,entity,eth-labels,https://github.com/dawsbot/eth-labels,medium,2026-07-17
0x8c1bf342693772a04bb223ea949f915ebf72521a,celo,anyblock-analytics-group,Validator: Anyblock Analytics,entity,eth-labels,https://github.com/dawsbot/eth-labels,medium,2026-07-17
0xb434feb47d6154b4b4058df5c9fced123db9abf6,celo,atweb3,Validator Group: AtWeb3 1,entity,eth-labels,https://github.com/dawsbot/eth-labels,medium,2026-07-17
0xe17b899d1ba93249be07afa6ca670fe165bc5d17,celo,atweb3,Validator: AtWeb3 1,entity,eth-labels,https://github.com/dawsbot/eth-labels,medium,2026-07-17
0x7ff6c32b2cfc9bc6abddae17056e6d81c516806b,celo,audit-one,Validator: Audit One Validator 1,entity,eth-labels,https://github.com/dawsbot/eth-labels,medium,2026-07-17
0xc764293de02189e248a8040a3d1b04eec599aa31,celo,audit-one,Validator Group: Audit One,entity,eth-labels,https://github.com/dawsbot/eth-labels,medium,2026-07-17
0x2102c32a09cbced4146c3db2d27ae21a185bda43,celo,axelar,Axelar: Relayer 2,entity,eth-labels,https://github.com/dawsbot/eth-labels,medium,2026-07-17
0x26ff577818a40d1333944b7492e23619303f5d84,celo,axelar,Axelar: Relayer 8,entity,eth-labels,https://github.com/dawsbot/eth-labels,medium,2026-07-17
0x345662abfe0e257e23552a434d02ef274ccb6a90,celo,axelar,Axelar: Relayer 4,entity,eth-labels,https://github.com/dawsbot/eth-labels,medium,2026-07-17
0x51a3c407f130163b28b762513864e596a1de1bd9,celo,axelar,Axelar: Relayer 6,entity,eth-labels,https://github.com/dawsbot/eth-labels,medium,2026-07-17
0x8dbee8f3917049bc30fef01924a7ac79d16cf2b9,celo,axelar,Axelar: Relayer,entity,eth-labels,https://github.com/dawsbot/eth-labels,medium,2026-07-17
0xb28837949e7a3f1ac862036e8a0ae392c9ff9bb4,celo,axelar,Axelar: Relayer 3,entity,eth-labels,https://github.com/dawsbot/eth-labels,medium,2026-07-17
0xc77820eef59629fc8d88154977bc8de8a1b2f4ae,celo,axelar,Axelar: Relayer 10,entity,eth-labels,https://github.com/dawsbot/eth-labels,medium,2026-07-17
0xcd5a6286f376306c2bbf7a231166beee4f6d1a25,celo,axelar,Axelar: Relayer 7,entity,eth-labels,https://github.com/dawsbot/eth-labels,medium,2026-07-17
0xd36aac0c9676e984d72823fb662ce94d3ab5e551,celo,axelar,Axelar: Relayer 5,entity,eth-labels,https://github.com/dawsbot/eth-labels,medium,2026-07-17
0xdb8d6edb8a2fb0f322243a9bdeafbf06983f4d77,celo,axelar,Axelar: Relayer (Legacy),entity,eth-labels,https://github.com/dawsbot/eth-labels,medium,2026-07-17
0xdc4bf78224cbd20428dff4787b1e32bbfd04a90d,celo,axelar,Axelar: Relayer 9,entity,eth-labels,https://github.com/dawsbot/eth-labels,medium,2026-07-17
0xe743a49f04f2f77eb2d3b753ae3ad599de8cea84,celo,axelar,Axelar: Express Relayer 1,entity,eth-labels,https://github.com/dawsbot/eth-labels,medium,2026-07-17
0xee99e0d56677e63d65b05d04e2d0310e1c03b025,celo,axelar,Axelar: Relayer 1,entity,eth-labels,https://github.com/dawsbot/eth-labels,medium,2026-07-17
0x2d250016e3621cfc50a0ff7e5f6e34bbc6bfe50e,celo,beefy,Beefy: Reward Pool,entity,eth-labels,https://github.com/dawsbot/eth-labels,medium,2026-07-17
0x639a647fbe20b6c8ac19e48e2de44ea792c62c5c,celo,beefy,Beefy: BIFI Token,entity,eth-labels,https://github.com/dawsbot/eth-labels,medium,2026-07-17
0x089b1654325cce14fb3e2dabca2803bc489e83e7,celo,bison-trails,Validator: Bison Trails 2,entity,eth-labels,https://github.com/dawsbot/eth-labels,medium,2026-07-17
0xdadbd6cfb29b054adc9c4c2ef0f21f0bbdb44871,celo,bison-trails,Validator Group: Bison Trails 1,entity,eth-labels,https://github.com/dawsbot/eth-labels,medium,2026-07-17
0x02dc997790352e12fa90eb1a937dfef4bf8dbbc0,celo,bit-candy,Validator: Dark Chocolate,entity,eth-labels,https://github.com/dawsbot/eth-labels,medium,2026-07-17
0x34649ada2cb44d851a2103feaa8922deddabfc1c,celo,bit-candy,Validator Group: Bit Candy,entity,eth-labels,https://github.com/dawsbot/eth-labels,medium,2026-07-17
0xe34cd052e59ff830b286a125c52dde568ac8bd48,celo,bit-candy,Validator: Garoto,entity,eth-labels,https://github.com/dawsbot/eth-labels,medium,2026-07-17
0xa1e923892df867fb5cb7575cca2538c394ad1bd9,celo,bit-cat,Validator Group: Bit Cat,entity,eth-labels,https://github.com/dawsbot/eth-labels,medium,2026-07-17
0x45d8170f30b0d408196ab0e14af47d77b18f0a38,celo,block-daemon,Validator: Block Daemon 1,entity,eth-labels,https://github.com/dawsbot/eth-labels,medium,2026-07-17
0xc8d1dc1ac8e0ac039a8b1284ef687d557f812e5c,celo,block-daemon,Validator: Block Daemon 2,entity,eth-labels,https://github.com/dawsbot/eth-labels,medium,2026-07-17
0xcc4b2bcbbc9639ef1e91f47acfd12bd131525e79,celo,block-daemon,Validator Group: Block Daemon 1,entity,eth-labels,https://github.com/dawsbot/eth-labels,medium,2026-07-17
0x0000000000000000000000000000000000000000,celo,burn,Null: 0x000…000,entity,eth-labels,https://github.com/dawsbot/eth-labels,medium,2026-07-17
0x000000000000000000000000000000000000dead,celo,burn,Null: 0x000…dEaD,entity,eth-labels,https://github.com/dawsbot/eth-labels,medium,2026-07-17
0x000000000000000000000000000000000000ce10,celo,celo,Celo: Registry Proxy,entity,eth-labels,https://github.com/dawsbot/eth-labels,medium,2026-07-17
0x03f6842b82dd2c9276931a17dd23d73c16454a49,celo,celo,Celo: Granda Mento Proxy,entity,eth-labels,https://github.com/dawsbot/eth-labels,medium,2026-07-17
0x07f007d389883622ef8d4d347b3f78007f28d8b7,celo,celo,Celo: Epoch Rewards Proxy,entity,eth-labels,https://github.com/dawsbot/eth-labels,medium,2026-07-17
0x09933e89986fea776c3be3556dbf9ba23c240bb3,celo,celo,Celo: cEUR Token Implementation,entity,eth-labels,https://github.com/dawsbot/eth-labels,medium,2026-07-17
0x18e6bfdc909063f7445e410a5495264619495bcb,celo,celo,Celo: cUSD Token Implementation,entity,eth-labels,https://github.com/dawsbot/eth-labels,medium,2026-07-17
0x1ec3366d384ee7996f2f70b67a65c5d54ce96040,celo,celo,Celo: Attestations Implementation,entity,eth-labels,https://github.com/dawsbot/eth-labels,medium,2026-07-17
0x203fdf86a00999107df531fa00b4ba81d674cb66,celo,celo,Celo: Registry Implementation,entity,eth-labels,https://github.com/dawsbot/eth-labels,medium,2026-07-17
0x22a4aaf42a50bfa7238182460e32f15859c93dfe,celo,celo,Celo: Random Proxy,entity,eth-labels,https://github.com/dawsbot/eth-labels,medium,2026-07-17
0x471ece3750da237f93b8e339c536989b8978a438,celo,celo,Celo: CELO Token,entity,eth-labels,https://github.com/dawsbot/eth-labels,medium,2026-07-17
0x47a472f45057a9d79d62c6427367016409f4ff5a,celo,celo,Celo: Freezer Proxy,entity,eth-labels,https://github.com/dawsbot/eth-labels,medium,2026-07-17
0x4bb82b5862beb483fdb762ec4a6cb60953568a12,celo,celo,Celo: Double Signing Slasher Implementation,entity,eth-labels,https://github.com/dawsbot/eth-labels,medium,2026-07-17
0x4ddeb8f7041ab3260c6ec5afb6feab0650f4abb4,celo,celo,Celo: CELO Token Implementation,entity,eth-labels,https://github.com/dawsbot/eth-labels,medium,2026-07-17
0x50c100bacde7e2b546371eb0be1eaccf0a6772ec,celo,celo,Celo: Double Signing Slasher Proxy,entity,eth-labels,https://github.com/dawsbot/eth-labels,medium,2026-07-17
0x563ba8ed56bd32a964831ab6aff1e53238177eda,celo,celo,Celo: Epoch Rewards Implementation,entity,eth-labels,https://github.com/dawsbot/eth-labels,medium,2026-07-17
0x5b2c9e7932b08d8f2ce70ef9e5c98528256f9ab4,celo,celo,Celo: Granda Mento Implementation,entity,eth-labels,https://github.com/dawsbot/eth-labels,medium,2026-07-17
0x622833ab6e9501c9072d2c706c60aab5ff0234d9,celo,celo,Celo: Exchange EUR Implementation,entity,eth-labels,https://github.com/dawsbot/eth-labels,medium,2026-07-17
0x67316300f17f063085ca8bca4bd3f7a5a3c66275,celo,celo,Celo: Exchange Proxy,entity,eth-labels,https://github.com/dawsbot/eth-labels,medium,2026-07-17
0x6b51e3bd4e1e8df315766f93499b42978b110cea,celo,celo,Celo: Locked Gold Implementation,entity,eth-labels,https://github.com/dawsbot/eth-labels,medium,2026-07-17
0x6cc083aed9e3ebe302a6336dbc7c921c9f03349e,celo,celo,Celo: Locked Gold Proxy,entity,eth-labels,https://github.com/dawsbot/eth-labels,medium,2026-07-17
0x6e10a8864c65434a721d82e424d727326f9d5bfa,celo,celo,Celo: Blockchain Parameters Proxy,entity,eth-labels,https://github.com/dawsbot/eth-labels,medium,2026-07-17
0x71cac3b31c138f3327c6ca14f9a1c8d752463fdd,celo,celo,Celo: Downtime Slasher Proxy,entity,eth-labels,https://github.com/dawsbot/eth-labels,medium,2026-07-17
0x765de816845861e75a25fca122bb6898b8b1282a,celo,celo,Celo: cUSD Token,entity,eth-labels,https://github.com/dawsbot/eth-labels,medium,2026-07-17
0x7c4194df1dbdb5ca737b7d457bb00176f8a52361,celo,celo,Celo: Gas Price Minimum Implementation,entity,eth-labels,https://github.com/dawsbot/eth-labels,medium,2026-07-17
0x7c98cc3ad12058e8e37160fb72f8ff557d742a54,celo,celo,Celo: Escrow Implementation,entity,eth-labels,https://github.com/dawsbot/eth-labels,medium,2026-07-17
0x7d21685c17607338b313a7174bab6620bad0aab7,celo,celo,Celo: Accounts Proxy,entity,eth-labels,https://github.com/dawsbot/eth-labels,medium,2026-07-17
0x8d6677192144292870907e3fa8a5527fe55a7ff6,celo,celo,Celo: Election Proxy,entity,eth-labels,https://github.com/dawsbot/eth-labels,medium,2026-07-17
0x8df7ad6a1870766bbc9f0b8c38f8db73126d2ddc,celo,celo,Celo: Validators Implementation,entity,eth-labels,https://github.com/dawsbot/eth-labels,medium,2026-07-17
0x9380fa34fd9e4fd14c06305fd7b6199089ed4eb9,celo,celo,Celo: Reserve Proxy,entity,eth-labels,https://github.com/dawsbot/eth-labels,medium,2026-07-17
0x9ebb6a46149a43c9d1b12efdc068b969eca7246f,celo,celo,Celo: Downtime Slasher Implementation,entity,eth-labels,https://github.com/dawsbot/eth-labels,medium,2026-07-17
0xa79cdb272799175a118a4ce49cecbf3ec86649e6,celo,celo,Celo: Freezer Implementation,entity,eth-labels,https://github.com/dawsbot/eth-labels,medium,2026-07-17
0xaaa9cb9f0afcc60d8fb21f82d5d47c4557924115,celo,celo,Celo: Election Implementation,entity,eth-labels,https://github.com/dawsbot/eth-labels,medium,2026-07-17
0xaeb865bca93ddc8f47b8e29f40c5399ce34d0c58,celo,celo,Celo: Validators Proxy,entity,eth-labels,https://github.com/dawsbot/eth-labels,medium,2026-07-17
0xaf5d514bb94023c9af979821f59a5eecde0986ef,celo,celo,Celo: Sorted Oracles Implementation,entity,eth-labels,https://github.com/dawsbot/eth-labels,medium,2026-07-17
0xb49e4d6f0b7f8d0440f75697e6c8b37e09178bcf,celo,celo,Celo: Transfer Whitelist,entity,eth-labels,https://github.com/dawsbot/eth-labels,medium,2026-07-17
0xbb024e9cdcb2f9e34d893630d19611b8a5381b3c,celo,celo,Celo: Fee Currency Whitelist Proxy,entity,eth-labels,https://github.com/dawsbot/eth-labels,medium,2026-07-17
0xc301efebae9c517ea81f87d2cf2ff0a87caabc83,celo,celo,Celo: Fee Currency Whitelist Implementation,entity,eth-labels,https://github.com/dawsbot/eth-labels,medium,2026-07-17
0xc683e6f77b58d814b31f8661331ebdf63785d607,celo,celo,Celo: Reserve Implementation,entity,eth-labels,https://github.com/dawsbot/eth-labels,medium,2026-07-17
0xd0c0183682102c2a84f37e8c90063a25cce044ff,celo,celo,Celo: Accounts Implementation,entity,eth-labels,https://github.com/dawsbot/eth-labels,medium,2026-07-17
0xd533ca259b330c7a88f74e000a3faea2d63b7972,celo,celo,Celo: Community Fund,entity,eth-labels,https://github.com/dawsbot/eth-labels,medium,2026-07-17
0xd8763cba276a3738e6de85b4b3bf5fded6d6ca73,celo,celo,Celo: cEUR Token,entity,eth-labels,https://github.com/dawsbot/eth-labels,medium,2026-07-17
0xdc553892cdeeed9f575aa0fba099e5847fd88d20,celo,celo,Celo: Attestations Proxy,entity,eth-labels,https://github.com/dawsbot/eth-labels,medium,2026-07-17
0xdefbc89482cd36b98d1b506cc56dd2af74217955,celo,celo,Celo: Blockchain Parameters Implementation,entity,eth-labels,https://github.com/dawsbot/eth-labels,medium,2026-07-17
0xdfca3a8d7699d8bafe656823ad60c17cb8270ecc,celo,celo,Celo: Gas Price Minimum Proxy,entity,eth-labels,https://github.com/dawsbot/eth-labels,medium,2026-07-17
0xe23a4c6615669526ab58e9c37088bee4ed2b2dee,celo,celo,Celo: Deployer 1,entity,eth-labels,https://github.com/dawsbot/eth-labels,medium,2026-07-17
0xe383394b913d7302c49f794c7d3243c429d53d1d,celo,celo,Celo: Exchange EUR Proxy,entity,eth-labels,https://github.com/dawsbot/eth-labels,medium,2026-07-17
0xe43ea9c641a2af9959caeee54adb089f65457028,celo,celo,Celo: Random Implementation,entity,eth-labels,https://github.com/dawsbot/eth-labels,medium,2026-07-17
0xe6f77e6c1df6aea40923659c0415d82119f34882,celo,celo,Celo: Governance Implementation,entity,eth-labels,https://github.com/dawsbot/eth-labels,medium,2026-07-17
0xe8537a3d056da446677b9e9d6c5db704eaab4787,celo,celo,Celo: cREAL Token,entity,eth-labels,https://github.com/dawsbot/eth-labels,medium,2026-07-17
0xedf3f7e01037e4583de2659c5e243621ea2501a4,celo,celo,Celo: Exchange Implementation,entity,eth-labels,https://github.com/dawsbot/eth-labels,medium,2026-07-17
0xefb84935239dacdecf7c5ba76d8de40b077b7b33,celo,celo,Celo: Sorted Oracles Proxy,entity,eth-labels,https://github.com/dawsbot/eth-labels,medium,2026-07-17
0xf3eb910da09b8af348e0e5b6636da442cfa79239,celo,celo,Celo: Deployer 2,entity,eth-labels,https://github.com/dawsbot/eth-labels,medium,2026-07-17
0xf4fa51472ca8d72af678975d9f8795a504e7ada5,celo,celo,Celo: Escrow Proxy,entity,eth-labels,https://github.com/dawsbot/eth-labels,medium,2026-07-17
0x1fd168b11eb42f19fbf12326a214ecd6d200d798,celo,celo-japan-by-fore,Validator: Fore,entity,eth-labels,https://github.com/dawsbot/eth-labels,medium,2026-07-17
0x23c70a08cee9a783be4485156773e8d0448e5b4c,celo,celo-japan-by-fore,Validator Group: Celo Japan by Fore,entity,eth-labels,https://github.com/dawsbot/eth-labels,medium,2026-07-17
0xbd630a811ed48a57efdf5f7869563b47a0194a5d,celo,celo-mints,Validator Group: Celo Mints,entity,eth-labels,https://github.com/dawsbot/eth-labels,medium,2026-07-17
0x00000000000000000000000000000000000000f4,celo,celo-precompiles,null,entity,eth-labels,https://github.com/dawsbot/eth-labels,medium,2026-07-17
0x00000000000000000000000000000000000000f5,celo,celo-precompiles,null,entity,eth-labels,https://github.com/dawsbot/eth-labels,medium,2026-07-17
0x00000000000000000000000000000000000000f6,celo,celo-precompiles,null,entity,eth-labels,https://github.com/dawsbot/eth-labels,medium,2026-07-17
0x00000000000000000000000000000000000000f7,celo,celo-precompiles,null,entity,eth-labels,https://github.com/dawsbot/eth-labels,medium,2026-07-17
0x00000000000000000000000000000000000000f8,celo,celo-precompiles,null,entity,eth-labels,https://github.com/dawsbot/eth-labels,medium,2026-07-17
0x00000000000000000000000000000000000000f9,celo,celo-precompiles,null,entity,eth-labels,https://github.com/dawsbot/eth-labels,medium,2026-07-17
0x00000000000000000000000000000000000000fa,celo,celo-precompiles,null,entity,eth-labels,https://github.com/dawsbot/eth-labels,medium,2026-07-17
0x00000000000000000000000000000000000000fb,celo,celo-precompiles,null,entity,eth-labels,https://github.com/dawsbot/eth-labels,medium,2026-07-17
0x00000000000000000000000000000000000000fc,celo,celo-precompiles,null,entity,eth-labels,https://github.com/dawsbot/eth-labels,medium,2026-07-17
0x00000000000000000000000000000000000000fd,celo,celo-precompiles,null,entity,eth-labels,https://github.com/dawsbot/eth-labels,medium,2026-07-17
0x3c86b6a27a074c1c4cc904d8808a1c33078db4e6,celo,celo-works,Validator Group: Celo Works,entity,eth-labels,https://github.com/dawsbot/eth-labels,medium,2026-07-17
0x0d4f8cea48cdadeae345431577a64983c0535b12,celo,censusworks,Validator Group: Censusworks 1,entity,eth-labels,https://github.com/dawsbot/eth-labels,medium,2026-07-17
0x0ebdccd9091efb1243417bdf3addd63132962586,celo,censusworks,Validator: Censusworks 2,entity,eth-labels,https://github.com/dawsbot/eth-labels,medium,2026-07-17
0x2bdc5ccda08a7f821ae0df72b5fda60cd58d6353,celo,censusworks,Validator: Censusworks 1,entity,eth-labels,https://github.com/dawsbot/eth-labels,medium,2026-07-17
0x4fc4ea624db2e4a1d6195a03744d505cbcd9431b,celo,chain-layer,Validator: Chain Layer 1,entity,eth-labels,https://github.com/dawsbot/eth-labels,medium,2026-07-17
0x7194dfe766a92308880a943fd70f31c8e7c50e66,celo,chain-layer,Validator Group: Chain Layer 1,entity,eth-labels,https://github.com/dawsbot/eth-labels,medium,2026-07-17
0x249a6b2b260000b08f50a2480e2d703baf02e8be,celo,chainflow,Validator Group: Chainflow,entity,eth-labels,https://github.com/dawsbot/eth-labels,medium,2026-07-17
0x5098a28bfa2da3183e36c009c7d63093b66441a5,celo,chorus-one,Validator: Chorus One Validator 1,entity,eth-labels,https://github.com/dawsbot/eth-labels,medium,2026-07-17
0x81cef0668e15639d0b101bdc3067699309d73bed,celo,chorus-one,Validator Group: Chorus One,entity,eth-labels,https://github.com/dawsbot/eth-labels,medium,2026-07-17
0x020e468c252ff18261b1996d25f0fff4f830cf7a,celo,cnstnt,Validator: Cnstnt Validator 3,entity,eth-labels,https://github.com/dawsbot/eth-labels,medium,2026-07-17
0x21fb4411fa5828344c2788ab07d4cc12a12571b9,celo,cnstnt,Validator Group: Cnstnt Validator 1,entity,eth-labels,https://github.com/dawsbot/eth-labels,medium,2026-07-17
0x5b9f5239b10f1d74ea89f88fe3d50db7ecd6e450,celo,cnstnt,Validator: Cnstnt Validator 4,entity,eth-labels,https://github.com/dawsbot/eth-labels,medium,2026-07-17
0x8d1a5ef84252586f0f841a9fcf4e31f23c4c21e0,celo,cnstnt,Validator: Cnstnt Validator 1,entity,eth-labels,https://github.com/dawsbot/eth-labels,medium,2026-07-17
0xdf9121affb220e9095c875a79c3d1fa3ebee4105,celo,cnstnt,Validator: Cnstnt Validator 2,entity,eth-labels,https://github.com/dawsbot/eth-labels,medium,2026-07-17
0x6f8e6ff69935f000b09d182a4739342faeaf0c77,celo,coin-list,Validator Group: Coin List,entity,eth-labels,https://github.com/dawsbot/eth-labels,medium,2026-07-17
0xaf2b000baed202fa7de0d9dceb6f6612de348011,celo,conclave,Validator Group: Conclave,entity,eth-labels,https://github.com/dawsbot/eth-labels,medium,2026-07-17
0x074a2bb7686da8dacad178aece2ad280b8d4c25d,celo,contract-deployer,Minereum: Deployer,entity,eth-labels,https://github.com/dawsbot/eth-labels,medium,2026-07-17
0x0b48321965eb8a982dec25b43542e07a202d931a,celo,contract-deployer,Moola: Deployer,entity,eth-labels,https://github.com/dawsbot/eth-labels,medium,2026-07-17
0x0bfd6d1ecb90bef6cb9daf2b446b9b852120deae,celo,contract-deployer,Tegisto: Deployer,entity,eth-labels,https://github.com/dawsbot/eth-labels,medium,2026-07-17
0x13b0d85ccb8bf860b6b79af3029fca081ae9bef2,celo,contract-deployer,xdeployer: Deployer,entity,eth-labels,https://github.com/dawsbot/eth-labels,medium,2026-07-17
0x1e7b390149abb3b891e0a7027e111188032d4540,celo,contract-deployer,RadioShack: Deployer,entity,eth-labels,https://github.com/dawsbot/eth-labels,medium,2026-07-17
0x1f9b97ecac47c16b14d4551c92572a3ee4e9380c,celo,contract-deployer,Tether: Deployer,entity,eth-labels,https://github.com/dawsbot/eth-labels,medium,2026-07-17
0x215d0d3eb57be57dad6884c334ce2bc6d0431d87,celo,contract-deployer,Soft Balanced: Deployer,entity,eth-labels,https://github.com/dawsbot/eth-labels,medium,2026-07-17
0x22cac6a8e7ff5ce7b35c862cdd5a11c288aef142,celo,contract-deployer,Plastiks: Deployer,entity,eth-labels,https://github.com/dawsbot/eth-labels,medium,2026-07-17
0x239b28029ab6924b1a8d357a1d3585f19a2b3fb6,celo,contract-deployer,Optics: Deployer,entity,eth-labels,https://github.com/dawsbot/eth-labels,medium,2026-07-17
0x26adb982d061b5e667d75f9dec1360cc671007f3,celo,contract-deployer,Hedgey Finance: Deployer,entity,eth-labels,https://github.com/dawsbot/eth-labels,medium,2026-07-17
0x2c2bc76b97bce84a5a9c6e2835ab13306b964cf1,celo,contract-deployer,null,entity,eth-labels,https://github.com/dawsbot/eth-labels,medium,2026-07-17
0x32f652b8c255f9029d271a65f9ae2243e9e513b7,celo,contract-deployer,Story Earth: Deployer,entity,eth-labels,https://github.com/dawsbot/eth-labels,medium,2026-07-17
0x39a4e547dba568a451b0096d907cb8a61f12f4e7,celo,contract-deployer,JumpTask: Deployer,entity,eth-labels,https://github.com/dawsbot/eth-labels,medium,2026-07-17
0x3ab0d06a3b36306301d993256702753de8f00118,celo,contract-deployer,CeloLaunch: Deployer,entity,eth-labels,https://github.com/dawsbot/eth-labels,medium,2026-07-17
0x4283b3469a9edce1fda34ec6e8a453cf82b9cab7,celo,contract-deployer,O3 Swap: Deployer,entity,eth-labels,https://github.com/dawsbot/eth-labels,medium,2026-07-17
0x4fd26e32396dcc94487fd6f64469c33ee39b59c0,celo,contract-deployer,Prodox Ecosystem: Deployer,entity,eth-labels,https://github.com/dawsbot/eth-labels,medium,2026-07-17
0x51d5835f712d98a50a77d51b2a6d73203fc83eb9,celo,contract-deployer,Plastiks: Deployer 1,entity,eth-labels,https://github.com/dawsbot/eth-labels,medium,2026-07-17
0x54527846ade7e915f4261e1818a997250ce83418,celo,contract-deployer,MCO2: Deployer,entity,eth-labels,https://github.com/dawsbot/eth-labels,medium,2026-07-17
0x5a33b47507e5225fcd7df11de06c84680ea5db87,celo,contract-deployer,Follow Me: Deployer,entity,eth-labels,https://github.com/dawsbot/eth-labels,medium,2026-07-17
0x5afae3d2b0dcee1833bb947fac15d4f2d2d5d523,celo,contract-deployer,Ax Protocol: Deployer,entity,eth-labels,https://github.com/dawsbot/eth-labels,medium,2026-07-17
0x5bc1c4c1d67c5e4384189302bc653a611568a788,celo,contract-deployer,Staked Celo: Deployer,entity,eth-labels,https://github.com/dawsbot/eth-labels,medium,2026-07-17
0x673c737422b5f87b3e04bb430699cac04afad760,celo,contract-deployer,Truefeedback: Deployer,entity,eth-labels,https://github.com/dawsbot/eth-labels,medium,2026-07-17
0x9378a4932ab933fb893192dc1b163a37e807b185,celo,contract-deployer,EthicHub: Deployer,entity,eth-labels,https://github.com/dawsbot/eth-labels,medium,2026-07-17
0x99de25dd595ea941632eb4ba5faad8fc2700fc38,celo,contract-deployer,TIME Token Finance: Deployer,entity,eth-labels,https://github.com/dawsbot/eth-labels,medium,2026-07-17
0xac4b966e4e01662dcca10f96a05415d31efcb761,celo,contract-deployer,Moola Market: Deployer,entity,eth-labels,https://github.com/dawsbot/eth-labels,medium,2026-07-17
0xc4ad9f58c4c7cba47191be635ecf40b4515cf6cf,celo,contract-deployer,Brale: Deployer,entity,eth-labels,https://github.com/dawsbot/eth-labels,medium,2026-07-17
0xca1fb28a5e6a3cd987c290cb155653f27ab9b636,celo,contract-deployer,GTPS: Deployer,entity,eth-labels,https://github.com/dawsbot/eth-labels,medium,2026-07-17
0xe725c326b19828dbedf5b8188ba32e7d0ce68179,celo,contract-deployer,Ubeswap: Deployer,entity,eth-labels,https://github.com/dawsbot/eth-labels,medium,2026-07-17
0xfa9da51631268a30ec3ddd1ccbf46c65fad99251,celo,contract-deployer,Multichain: Deployer,entity,eth-labels,https://github.com/dawsbot/eth-labels,medium,2026-07-17
0xb36b0747312e444b6258120a7d3ba7b170e83476,celo,core-blockchain-group,Validator Group: Core Blockchain Group,entity,eth-labels,https://github.com/dawsbot/eth-labels,medium,2026-07-17
0x00751d4e4861adffdddfca5ec27703797a3b9349,celo,dedata-labs,Validator: deData Labs 1,entity,eth-labels,https://github.com/dawsbot/eth-labels,medium,2026-07-17
0x1d083becfaac301b4b845d0e5b80a9da5f6de946,celo,dedata-labs,Validator Group: deData Labs,entity,eth-labels,https://github.com/dawsbot/eth-labels,medium,2026-07-17
0x5e9e52e9789f670f80a7de6e438cc491878981b8,celo,donate,Anka Relief: Turkey Donation,entity,eth-labels,https://github.com/dawsbot/eth-labels,medium,2026-07-17
0x71c7656ec7ab88b098defb751b7401b5f6d8976f,celo,donate,CeloScan: Donate,entity,eth-labels,https://github.com/dawsbot/eth-labels,medium,2026-07-17
0x1ab89fa8bdbd48f4426379abeb59803dd5283e3f,celo,dsrv-labs,Validator: DSRV CeloWhale 2,entity,eth-labels,https://github.com/dawsbot/eth-labels,medium,2026-07-17
0x588ed7deeff8df7c00ff187c398936b101583ec7,celo,dsrv-labs,Validator: DSRV CeloWhale 1,entity,eth-labels,https://github.com/dawsbot/eth-labels,medium,2026-07-17
0xf83c93ea360b66ddcd532960304948b1c10786a1,celo,dsrv-labs,Validator Group: DSRV CeloWhale 1,entity,eth-labels,https://github.com/dawsbot/eth-labels,medium,2026-07-17
0x2b66f23c2987597225d36872a52a3d3337386054,celo,eat-pray-validate,Validator: Eat Pray Validate 1,entity,eth-labels,https://github.com/dawsbot/eth-labels,medium,2026-07-17
0x9f49e9ec7199455dda0b116785470fbafb4c0b50,celo,eat-pray-validate,Validator: Eat Pray Validate 2,entity,eth-labels,https://github.com/dawsbot/eth-labels,medium,2026-07-17
0xe075ba4b1dcaf75513118d7aa08a057c658842c9,celo,eat-pray-validate,Validator Group: Eat Pray Validate,entity,eth-labels,https://github.com/dawsbot/eth-labels,medium,2026-07-17
0x95b5579b323ddc6cd290bd4da6e56ba019588efc,celo,exploit,Moola Market Exploiter,entity,eth-labels,https://github.com/dawsbot/eth-labels,medium,2026-07-17
0x01b2b83fdf26afc3ca7062c35bc68c8dde56db04,celo,figment-networks,Validator Group: Figment Networks 1,entity,eth-labels,https://github.com/dawsbot/eth-labels,medium,2026-07-17
0x0e47ea88480788289bda37d8ae0c2cd680623cfa,celo,figment-networks,Validator: Figment Networks 1,entity,eth-labels,https://github.com/dawsbot/eth-labels,medium,2026-07-17
0x12125d1b7f01f32b3a741a6b97cb46f714f273aa,celo,figment-networks,Validator: Figment Networks 4,entity,eth-labels,https://github.com/dawsbot/eth-labels,medium,2026-07-17
0x90b056b00952d71bc7866c067b49f5b062098ac9,celo,figment-networks,Validator: Figment Networks 2,entity,eth-labels,https://github.com/dawsbot/eth-labels,medium,2026-07-17
0xddc60b465c204aa7358ce4f009d2dbc65af5c4b4,celo,figment-networks,Validator: Figment Networks 3,entity,eth-labels,https://github.com/dawsbot/eth-labels,medium,2026-07-17
0x8580db53c3ebc56230662b771cef2707e92ef83a,celo,goods-and-services,Validator Group: Goods and Services 1,entity,eth-labels,https://github.com/dawsbot/eth-labels,medium,2026-07-17
0xf2aadf8ff2ad7e5c1efb0d45cb622618ba6636a7,celo,goods-and-services,Validator: Goods and Services,entity,eth-labels,https://github.com/dawsbot/eth-labels,medium,2026-07-17
0x8954661e743c60c966e2ff6002b514126bb1cfe2,celo,gossip,Validator Group: Gossip,entity,eth-labels,https://github.com/dawsbot/eth-labels,medium,2026-07-17
0x5402172e972b31fc9f0383f53f45823ab5037379,celo,gunray,Validator Group: GunRay 1,entity,eth-labels,https://github.com/dawsbot/eth-labels,medium,2026-07-17
0xe5f947368c986dfe7a025b9b35dee3e5ac3a330e,celo,gunray,Validator: GunRay 1,entity,eth-labels,https://github.com/dawsbot/eth-labels,medium,2026-07-17
0x481eade762d6d0b49580189b78709c9347b395bf,celo,happy-celo,Validator Group: Happy Celo,entity,eth-labels,https://github.com/dawsbot/eth-labels,medium,2026-07-17
0xf0b25502595911b64de75f453b34557c1b2c4760,celo,happy-celo,Validator: Happy Celo 1,entity,eth-labels,https://github.com/dawsbot/eth-labels,medium,2026-07-17
0xd19fb36b7f433fe13820767ef6d0e26fdbab68cc,celo,hash-quark,Validator Group: Hash Quark,entity,eth-labels,https://github.com/dawsbot/eth-labels,medium,2026-07-17
0x5e69cca114a77ab0a5804108faf0cd1e1c802a5e,celo,huglester,Validator: huglester 1,entity,eth-labels,https://github.com/dawsbot/eth-labels,medium,2026-07-17
0x614b7654ba0cc6000abe526779911b70c1f7125a,celo,huglester,Validator Group: huglester 1,entity,eth-labels,https://github.com/dawsbot/eth-labels,medium,2026-07-17
0x0861a61bf679a30680510ecc238ee43b82c5e843,celo,ledger-by-figment,Validator Group: Ledger by Figment 1,entity,eth-labels,https://github.com/dawsbot/eth-labels,medium,2026-07-17
0x1c13efcbaeccc17d41f4a23da5cac15167675b96,celo,ledger-by-figment,Validator: Ledger by Figment 1,entity,eth-labels,https://github.com/dawsbot/eth-labels,medium,2026-07-17
0x572bd94eef29d104f266e82b0781bc4b07086648,celo,ledger-by-figment,Validator: Ledger by Figment 3,entity,eth-labels,https://github.com/dawsbot/eth-labels,medium,2026-07-17
0xd818f03476ef422beddf720addf5b3d3fd8353fe,celo,ledger-by-figment,Validator: Ledger by Figment 2,entity,eth-labels,https://github.com/dawsbot/eth-labels,medium,2026-07-17
0xbf55df76204f00acf296f76cf4aaf86a866a5eb0,celo,manta-labs,Validator Group: Manta Labs,entity,eth-labels,https://github.com/dawsbot/eth-labels,medium,2026-07-17
0x95ae59515915d6c493a846ae022f93726652b50a,celo,masternode,Validator Group: Masternode24 1,entity,eth-labels,https://github.com/dawsbot/eth-labels,medium,2026-07-17
0x9c542c0b5af5e04e2d1e67cf1fc176e91bc18da0,celo,masternode,Validator: Masternode24,entity,eth-labels,https://github.com/dawsbot/eth-labels,medium,2026-07-17
0x39b01620ecdeb8347270ee78dc962b0ea583b57a,celo,mission-quorum-group,Validator: Mission Quorum 1,entity,eth-labels,https://github.com/dawsbot/eth-labels,medium,2026-07-17
0x9e8a03768c2711c22bcc7999359d6655b7cdb710,celo,mission-quorum-group,Validator: Mission Quorum 2,entity,eth-labels,https://github.com/dawsbot/eth-labels,medium,2026-07-17
0xa432da0ed5a2c15cbc681227ccec3b375908fdcb,celo,mission-quorum-group,Validator Group: Mission Quorum Group,entity,eth-labels,https://github.com/dawsbot/eth-labels,medium,2026-07-17
0xc1a42a4550301b16eb557b46c15d27c222761ef7,celo,mission-quorum-group,Validator: Mission Quorum 5,entity,eth-labels,https://github.com/dawsbot/eth-labels,medium,2026-07-17
0xc538583c030227de48e3279c1009646f29dc097e,celo,mission-quorum-group,Validator: Mission Quorum 4,entity,eth-labels,https://github.com/dawsbot/eth-labels,medium,2026-07-17
0xdb2e80840f40033761a5cdfa3b09fe24f95a4aaa,celo,mission-quorum-group,Validator: Mission Quorum 3,entity,eth-labels,https://github.com/dawsbot/eth-labels,medium,2026-07-17
0x399b3d48fdcd668d274afc6f4be05475a325c6c6,celo,moonlet-wallet,Validator: Moonlet Wallet,entity,eth-labels,https://github.com/dawsbot/eth-labels,medium,2026-07-17
0x8851f4852ce427191dc8d9065d720619889e3260,celo,moonlet-wallet,Validator Group: Moonlet Wallet 1,entity,eth-labels,https://github.com/dawsbot/eth-labels,medium,2026-07-17
0xd491e5ec7bbb4c6ea9ee522f21f6621706e65a3e,celo,nodeasy,Validator Group: Nodeasy,entity,eth-labels,https://github.com/dawsbot/eth-labels,medium,2026-07-17
0x2c2b0f71d59b546b2cafd222696589c13c3c325c,celo,nodito-labs,Validator Group: Nodito Labs 1,entity,eth-labels,https://github.com/dawsbot/eth-labels,medium,2026-07-17
0xab6eee9da588d38b43b1d2ea404e824fa2bf382c,celo,nodito-labs,Validator: Nodito Labs,entity,eth-labels,https://github.com/dawsbot/eth-labels,medium,2026-07-17
0x1819b44553fa39a983d1c92238e1f18aee30ef51,celo,nonce,Validator: Nonce 2,entity,eth-labels,https://github.com/dawsbot/eth-labels,medium,2026-07-17
0xc7d5409fee80b3ac37dbc111664dc511a5982469,celo,nonce,Validator Group: Nonce 1,entity,eth-labels,https://github.com/dawsbot/eth-labels,medium,2026-07-17
0x01539f82a5820a927942154cbe12ae172a935423,celo,old-contract,Halofi : EthicHub,entity,eth-labels,https://github.com/dawsbot/eth-labels,medium,2026-07-17
0x2130068652dabb5ae873fffaf731f076011a33ca,celo,old-contract,Halofi : Save for Xmas,entity,eth-labels,https://github.com/dawsbot/eth-labels,medium,2026-07-17
0x833fa7eea85406a9c9016c80f04f9f541c2fea53,celo,old-contract,Halofi : Push Pool,entity,eth-labels,https://github.com/dawsbot/eth-labels,medium,2026-07-17
0xd72bc584a6470923bc184917c9731849a309660c,celo,old-contract,Halofi : Hodl Pioneer,entity,eth-labels,https://github.com/dawsbot/eth-labels,medium,2026-07-17
0xf4361a8fbcf6b6a2402f1a1d6c4b945e59a29934,celo,old-contract,Plastiks: Old PLASTIK Token,entity,eth-labels,https://github.com/dawsbot/eth-labels,medium,2026-07-17
0x122013fd7df1c6f636a5bb8f03108e876548b455,celo,optics,Optics: WETH Token,entity,eth-labels,https://github.com/dawsbot/eth-labels,medium,2026-07-17
0xbaab46e28388d2779e6e31fd00cf0e5ad95e327b,celo,optics,Optics: WBTC Token,entity,eth-labels,https://github.com/dawsbot/eth-labels,medium,2026-07-17
0xef4229c8c3250c675f21bcefa42f58efbff6002a,celo,optics,Optics: USDC Token,entity,eth-labels,https://github.com/dawsbot/eth-labels,medium,2026-07-17
0x0000028989b636b15f5e164e039814ff61000000,celo,phish-hack,Fake_Phishing32,entity,eth-labels,https://github.com/dawsbot/eth-labels,medium,2026-07-17
0x00000952c5165e391ed0f8adffcfaf45f3b80000,celo,phish-hack,Fake_Phishing35,entity,eth-labels,https://github.com/dawsbot/eth-labels,medium,2026-07-17
0x00000cad74214b2771b692b1065f9d0ad7b00000,celo,phish-hack,Fake_Phishing31,entity,eth-labels,https://github.com/dawsbot/eth-labels,medium,2026-07-17
0x000037bb05b2cef17c6469f4bcdb198826ce0000,celo,phish-hack,Fake_Phishing8,entity,eth-labels,https://github.com/dawsbot/eth-labels,medium,2026-07-17
0x0000b96d1aca0c7d555deae4da6d9d5813e60000,celo,phish-hack,Fake_Phishing33,entity,eth-labels,https://github.com/dawsbot/eth-labels,medium,2026-07-17
0x02900c6c5af5dbeb72f68953e43c5a680526a7cf,celo,phish-hack,Fake_Phishing326907,entity,eth-labels,https://github.com/dawsbot/eth-labels,medium,2026-07-17
0x0e4dc395f0eca7343ef09d38e4094186f414c4c6,celo,phish-hack,Fake_Phishing326905,entity,eth-labels,https://github.com/dawsbot/eth-labels,medium,2026-07-17
0x17d0db639e8327c1b2c0c2a56296d3c27cec04b6,celo,phish-hack,Fake_Phishing326901,entity,eth-labels,https://github.com/dawsbot/eth-labels,medium,2026-07-17
0x21ada1b8c78618462f37cd85d9efbdcfc2d30ca7,celo,phish-hack,Fake_Phishing326888,entity,eth-labels,https://github.com/dawsbot/eth-labels,medium,2026-07-17
0x2412f5c6ae262883532b11dd14a6f70699680000,celo,phish-hack,Fake_Phishing13,entity,eth-labels,https://github.com/dawsbot/eth-labels,medium,2026-07-17
0x49bff7b0afd697b50c9c7ba052dbfdaf73dcee25,celo,phish-hack,Fake_Phishing326895,entity,eth-labels,https://github.com/dawsbot/eth-labels,medium,2026-07-17
0x4d3143a1259d673ab1aabcfd5d3825f362e5591f,celo,phish-hack,Fake_Phishing326904,entity,eth-labels,https://github.com/dawsbot/eth-labels,medium,2026-07-17
0x50cb1a8fd27159686430c4e41ecc77d2179d32c0,celo,phish-hack,Fake_Phishing9,entity,eth-labels,https://github.com/dawsbot/eth-labels,medium,2026-07-17
0x51337a2976ce010f9c0e26824d693070fd41965e,celo,phish-hack,Fake_Phishing326894,entity,eth-labels,https://github.com/dawsbot/eth-labels,medium,2026-07-17
0x52ee621b5e655acc44ed627d86ed8e4e845d4836,celo,phish-hack,Fake_Phishing11,entity,eth-labels,https://github.com/dawsbot/eth-labels,medium,2026-07-17
0x53bd0f81d7c55f956c296463869a8c194f251eb6,celo,phish-hack,Fake_Phishing326899,entity,eth-labels,https://github.com/dawsbot/eth-labels,medium,2026-07-17
0x550f1d55d916f436af392bcfad6ff5f4c552da61,celo,phish-hack,Fake_Phishing43,entity,eth-labels,https://github.com/dawsbot/eth-labels,medium,2026-07-17
0x551defe7960ea6765ecc9607881d912ff24b411e,celo,phish-hack,Fake_Phishing326890,entity,eth-labels,https://github.com/dawsbot/eth-labels,medium,2026-07-17
0x55add48de24a4196b2fa1d123615c3845d29f430,celo,phish-hack,Fake_Phishing326903,entity,eth-labels,https://github.com/dawsbot/eth-labels,medium,2026-07-17
0x5d665cb46034a0062b6243129b936472c2eb4bdd,celo,phish-hack,Fake_Phishing326906,entity,eth-labels,https://github.com/dawsbot/eth-labels,medium,2026-07-17
0x618179a86b30adeffdda7020aa7018ac79f97132,celo,phish-hack,Fake_Phishing7,entity,eth-labels,https://github.com/dawsbot/eth-labels,medium,2026-07-17
0x658729879fca881d9526480b82ae00efc54b5c2d,celo,phish-hack,Fake_Phishing10,entity,eth-labels,https://github.com/dawsbot/eth-labels,medium,2026-07-17
0x6623504cf198731bcf392945e541ef458652a655,celo,phish-hack,Fake_Phishing44,entity,eth-labels,https://github.com/dawsbot/eth-labels,medium,2026-07-17
0x6734a9f000af1901f50010429e83b91285c26c9b,celo,phish-hack,Fake_Phishing326880,entity,eth-labels,https://github.com/dawsbot/eth-labels,medium,2026-07-17
0x6ff09449d47f9aef3aa60ef7268902e5ba3a6d99,celo,phish-hack,Fake_Phishing41,entity,eth-labels,https://github.com/dawsbot/eth-labels,medium,2026-07-17
0x72bee46e2bcd6858ff79bd36b9b162e2a0c49cef,celo,phish-hack,Fake_Phishing326889,entity,eth-labels,https://github.com/dawsbot/eth-labels,medium,2026-07-17
0x7cd585c5085cd3f20d824bb1b405c64e6f92d26e,celo,phish-hack,Fake_Phishing40,entity,eth-labels,https://github.com/dawsbot/eth-labels,medium,2026-07-17
0x7dc366cfa3938b784dc9a04eaae220e82ce4bad5,celo,phish-hack,Fake_Phishing36,entity,eth-labels,https://github.com/dawsbot/eth-labels,medium,2026-07-17
0x82242f63946c6198ec5bdf765bb013995195a586,celo,phish-hack,Fake_Phishing6,entity,eth-labels,https://github.com/dawsbot/eth-labels,medium,2026-07-17
0x8498b65a60e3b60ba0ea46d64f4ed9d5712f2a36,celo,phish-hack,Fake_Phishing326898,entity,eth-labels,https://github.com/dawsbot/eth-labels,medium,2026-07-17
0x8a70da171375b6bca2ecdbd30eb2e18a1d110d2b,celo,phish-hack,Fake_Phishing326886,entity,eth-labels,https://github.com/dawsbot/eth-labels,medium,2026-07-17
0x8ca78d965010fb97a93acdd6c68cbc79dc2b49ee,celo,phish-hack,Fake_Phishing326881,entity,eth-labels,https://github.com/dawsbot/eth-labels,medium,2026-07-17
0xa98d7fd3989664c74287478d568c2f3de847b8b0,celo,phish-hack,Fake_Phishing326902,entity,eth-labels,https://github.com/dawsbot/eth-labels,medium,2026-07-17
0xb0ceba22c067da08204f037e5803acf029a93f73,celo,phish-hack,Fake_Phishing326884,entity,eth-labels,https://github.com/dawsbot/eth-labels,medium,2026-07-17
0xb6423a5db1c026398b6b10f56ba7cce825cbb6ca,celo,phish-hack,Fake_Phishing38,entity,eth-labels,https://github.com/dawsbot/eth-labels,medium,2026-07-17
0xb6657c3696e58fea337e03cf0ad12a8f85ebe42e,celo,phish-hack,Fake_Phishing326897,entity,eth-labels,https://github.com/dawsbot/eth-labels,medium,2026-07-17
0xb8f65533ed37be60ba66ee448507747a90562b43,celo,phish-hack,Fake_Phishing326892,entity,eth-labels,https://github.com/dawsbot/eth-labels,medium,2026-07-17
0xbef60a0acd473764521c4c43b70215aa42d2ae58,celo,phish-hack,Fake_Phishing34,entity,eth-labels,https://github.com/dawsbot/eth-labels,medium,2026-07-17
0xc08f39748a0c25fc32dd2265ccb49c35a4e133f1,celo,phish-hack,Fake_Phishing39,entity,eth-labels,https://github.com/dawsbot/eth-labels,medium,2026-07-17
0xc2813b6d55854d5f2de71566ca5fdf137a353be1,celo,phish-hack,Fake_Phishing37,entity,eth-labels,https://github.com/dawsbot/eth-labels,medium,2026-07-17
0xc30a9e71148a8ebabb8f098e07f09f756e87a573,celo,phish-hack,Fake_Phishing326882,entity,eth-labels,https://github.com/dawsbot/eth-labels,medium,2026-07-17
0xc36503d4726c5a249ba70ae96cbb9a50a9eb373b,celo,phish-hack,Fake_Phishing326887,entity,eth-labels,https://github.com/dawsbot/eth-labels,medium,2026-07-17
0xc7eba76fdd2ad2e1b514ff9b5b9bdb0dcf35fd31,celo,phish-hack,Fake_Phishing326885,entity,eth-labels,https://github.com/dawsbot/eth-labels,medium,2026-07-17
0xcfdb6d56ea8978f9a2f68e0875f1b6d58334b675,celo,phish-hack,Fake_Phishing326893,entity,eth-labels,https://github.com/dawsbot/eth-labels,medium,2026-07-17
0xd8e0f2c074086fdc0a84f13ae6b2190889c08f43,celo,phish-hack,Fake_Phishing42,entity,eth-labels,https://github.com/dawsbot/eth-labels,medium,2026-07-17
0xe10d606a668a53277b73c4e0e98dc5030dac50ee,celo,phish-hack,Fake_Phishing326900,entity,eth-labels,https://github.com/dawsbot/eth-labels,medium,2026-07-17
0xe2e59e9a07d6350816dffb3d19c15122fc4d70a8,celo,phish-hack,Fake_Phishing326891,entity,eth-labels,https://github.com/dawsbot/eth-labels,medium,2026-07-17
0xf129b5ab40e8cc8f86b2ca73292e6d26da23902e,celo,phish-hack,Fake_Phishing326896,entity,eth-labels,https://github.com/dawsbot/eth-labels,medium,2026-07-17
0xf6d7a91774ac81af5b18c11b73806e4d559216ae,celo,phish-hack,Fake_Phishing30,entity,eth-labels,https://github.com/dawsbot/eth-labels,medium,2026-07-17
0xfaded7b762841b44f244ce93f7613757d261f8f5,celo,phish-hack,Fake_Phishing326883,entity,eth-labels,https://github.com/dawsbot/eth-labels,medium,2026-07-17
0x1d511366feb1ed330925b2d51645bb5c607ea6d4,celo,polychain,Polychain: Classic,entity,eth-labels,https://github.com/dawsbot/eth-labels,medium,2026-07-17
0x1e554ac038114c0a69834be928fb95e5aaf18950,celo,polychain,Validator: Mimetic Polyalloy,entity,eth-labels,https://github.com/dawsbot/eth-labels,medium,2026-07-17
0x47b2db6af05a55d42ed0f3731735f9479abf0673,celo,polychain,Validator Group: Polychain,entity,eth-labels,https://github.com/dawsbot/eth-labels,medium,2026-07-17
0x5282f82f82e9a74e186b8ee18cc76808b78dc383,celo,polychain,Polychain: Cybernetic,entity,eth-labels,https://github.com/dawsbot/eth-labels,medium,2026-07-17
0xab0c16bbd78d6b9f4503d81d859a3ffb64486f9a,celo,polychain,Polychain: Rhodium,entity,eth-labels,https://github.com/dawsbot/eth-labels,medium,2026-07-17
0xacf0e11ff39ead797475a1694fcca94a0e94784f,celo,polychain,Polychain: Seraph,entity,eth-labels,https://github.com/dawsbot/eth-labels,medium,2026-07-17
0xddaa60b6d803674bbc434f1c2b261ceb67c2fd7c,celo,pretoria-research-lab,Validator Group: Pretoria Research Lab,entity,eth-labels,https://github.com/dawsbot/eth-labels,medium,2026-07-17
0x3d451dd723797b3de938c5b22412032b6452591a,celo,projecttent,Validator Group: Projecttent 1,entity,eth-labels,https://github.com/dawsbot/eth-labels,medium,2026-07-17
0xcdd88f80ed52afec9d670f5a6da8940eee716f45,celo,projecttent,Validator: Projecttent,entity,eth-labels,https://github.com/dawsbot/eth-labels,medium,2026-07-17
0x1aef9bf15de73adba318fc8aea3d2f45d120cc8a,celo,ryabina,Validator: Ryabina Validator,entity,eth-labels,https://github.com/dawsbot/eth-labels,medium,2026-07-17
0x8493bd3de67ac341d4cc11531f96a1a2cdbf29ad,celo,ryabina,Validator Group: Ryabina,entity,eth-labels,https://github.com/dawsbot/eth-labels,medium,2026-07-17
0xa09a2832aaea7bd486c03a8e8ef38bdcf6a69060,celo,savannah-group,Validator Group: Savannah Group,entity,eth-labels,https://github.com/dawsbot/eth-labels,medium,2026-07-17
0x4a34787893c8e26411be77259fe7fa184d471d9a,celo,seedbed,Validator Group: Seedbed 1,entity,eth-labels,https://github.com/dawsbot/eth-labels,medium,2026-07-17
0x4e3c453b4897451e6f84c6869f533ca04250259a,celo,seedbed,Validator: Seedbed,entity,eth-labels,https://github.com/dawsbot/eth-labels,medium,2026-07-17
0xacdf897493a6000dbe256791e8a2becbb405fd4f,celo,simply-staking,Validator Group: Simply Staking 1,entity,eth-labels,https://github.com/dawsbot/eth-labels,medium,2026-07-17
0xc2023e0d13f53d181f29b99d829cd75628337d15,celo,simply-staking,Validator: Simply Staking,entity,eth-labels,https://github.com/dawsbot/eth-labels,medium,2026-07-17
0x602b65795bcc64b2fb329ac004236e194f077158,celo,slavamo,Validator Group: SlavaMo,entity,eth-labels,https://github.com/dawsbot/eth-labels,medium,2026-07-17
0xb29438f402da218180bba79fbc0fadd3e9e151aa,celo,slavamo,Validator: SlavaMo,entity,eth-labels,https://github.com/dawsbot/eth-labels,medium,2026-07-17
0x3753096ad5e8e390c05324b9ca2b1856a3182b48,celo,stake-dao,Validator Group: Stake DAO 1,entity,eth-labels,https://github.com/dawsbot/eth-labels,medium,2026-07-17
0xbe505db3e26655cd0a5488f396e391bfa523bea4,celo,stake-dao,Validator: Stake DAO,entity,eth-labels,https://github.com/dawsbot/eth-labels,medium,2026-07-17
0x4d5a51039ea45063d4b665b21755db20a738dadc,celo,stake-fish,Validator Group: Stake Fish,entity,eth-labels,https://github.com/dawsbot/eth-labels,medium,2026-07-17
0x0b04c6ca6f2ea2c57d51c28bb3e82b0c9b4072eb,celo,stake-serve,Validator Group: Stake Serve,entity,eth-labels,https://github.com/dawsbot/eth-labels,medium,2026-07-17
0x48ac52662cbf32f8fc0cd8c1122c7560b482c2ad,celo,stake-service,Validator: Stake Service,entity,eth-labels,https://github.com/dawsbot/eth-labels,medium,2026-07-17
0xb35be22bccb0db9dc62967dcf15feb97c20f854e,celo,stake-service,Validator Group: Stake Service 1,entity,eth-labels,https://github.com/dawsbot/eth-labels,medium,2026-07-17
0x3fef91a3422f4da394c08f115632d3e075d0effd,celo,stake-valley,Validator Group: stake valley,entity,eth-labels,https://github.com/dawsbot/eth-labels,medium,2026-07-17
0x54d0d2e0f1cc1d7fb21e2350f14d79a1237605d1,celo,stakely,Validator: Stakely,entity,eth-labels,https://github.com/dawsbot/eth-labels,medium,2026-07-17
0xe92b7ba8497486e94bb59c51f595b590c4a5f894,celo,stakely,Validator Group: Stakely 1,entity,eth-labels,https://github.com/dawsbot/eth-labels,medium,2026-07-17
0x3dcf2ed8dc84a63ffd2bfdc3cdb2fa0b1aeafe5c,celo,stakesstone-group,Validator Group: Stakes Stone Group,entity,eth-labels,https://github.com/dawsbot/eth-labels,medium,2026-07-17
0x5f2e4e239bcd86e1cf97538ea7d5e2ec639a3bc4,celo,stakesstone-group,Validator: Stakes Stone,entity,eth-labels,https://github.com/dawsbot/eth-labels,medium,2026-07-17
0x36fa3e9c6b3b7d0c8b92e8224ea3c6466b9cedba,celo,stellar-staking,Validator: Stellar Staking,entity,eth-labels,https://github.com/dawsbot/eth-labels,medium,2026-07-17
0xe7f49fc3ebcb92b3c9bdaa859fc7f8fc84eadd70,celo,stellar-staking,Validator Group: Stellar Staking 1,entity,eth-labels,https://github.com/dawsbot/eth-labels,medium,2026-07-17
0x23f4877174ff3849a14a591a928dacf98375288e,celo,studex-animal-exchange,Validator Group: Studex Animal Exchange,entity,eth-labels,https://github.com/dawsbot/eth-labels,medium,2026-07-17
0x82f8bcf96f24ba60ef041d192c7ce04c907e2fb8,celo,syncnode-group,Validator Group: Syncnode Group,entity,eth-labels,https://github.com/dawsbot/eth-labels,medium,2026-07-17
0xd5fb8a8e6e81bc77d7d807c05b5b8aeae7c2a458,celo,syncnode-group,Validator: Syncnode,entity,eth-labels,https://github.com/dawsbot/eth-labels,medium,2026-07-17
0x35a5a989151683215ec36898bb4497f524556b69,celo,t-system-mms,Validator: T-System MMS Validator 2,entity,eth-labels,https://github.com/dawsbot/eth-labels,medium,2026-07-17
0x4a8fa59c7e41204445b756e521a591a75e57528c,celo,t-system-mms,Validator: T-System MMS Validator 4,entity,eth-labels,https://github.com/dawsbot/eth-labels,medium,2026-07-17
0x81383e7c8801b102f742f4f5a5fad06867212b05,celo,t-system-mms,Validator Group: T-System MMS Validator 1,entity,eth-labels,https://github.com/dawsbot/eth-labels,medium,2026-07-17
0xa61486fc99f22e5640c2d28db78a721705bd4158,celo,t-system-mms,Validator: T-System MMS Validator 5,entity,eth-labels,https://github.com/dawsbot/eth-labels,medium,2026-07-17
0xb6a0db24dd1a20183584cde5dd883f4bb3ae068c,celo,t-system-mms,Validator: T-System MMS Validator 1,entity,eth-labels,https://github.com/dawsbot/eth-labels,medium,2026-07-17
0xdfbf9cc8dbc04b9c07f292bb9147c14ddf4152b7,celo,t-system-mms,Validator: T-System MMS Validator 3,entity,eth-labels,https://github.com/dawsbot/eth-labels,medium,2026-07-17
0x98c62d86634bb0e3f818efc550e2f33369eae7f3,celo,tango,Validator Group: Tango,entity,eth-labels,https://github.com/dawsbot/eth-labels,medium,2026-07-17
0xf87a83a0fb9118102b7fe2f19b7940de3d421932,celo,tango,Validator: Libertango,entity,eth-labels,https://github.com/dawsbot/eth-labels,medium,2026-07-17
0x8a12cab622b8093208931fa008d12d6ba5af47e4,celo,td-labs,Validator Group: TD Labs 1,entity,eth-labels,https://github.com/dawsbot/eth-labels,medium,2026-07-17
0x92aae14a531086a665daff6eedb5b71e00acc6d1,celo,td-labs,Validator: TD Labs,entity,eth-labels,https://github.com/dawsbot/eth-labels,medium,2026-07-17
0xdd8067c6bb86c0f755188362c7089c1acd42b60d,celo,td-labs,Volt,entity,eth-labels,https://github.com/dawsbot/eth-labels,medium,2026-07-17
0x0c7610f8f4da332c77c9800012009ccfa48f23e4,celo,tero-labs,Validator: Tero Labs,entity,eth-labels,https://github.com/dawsbot/eth-labels,medium,2026-07-17
0x0e912990472bfe5948b5b7333ecf528d5da887cf,celo,tero-labs,Validator Group: Tero Labs 1,entity,eth-labels,https://github.com/dawsbot/eth-labels,medium,2026-07-17
0x0339df3fe4f5ccc864eae8491e5c8aec4611a631,celo,tessellated-geometry-alliance,Validator Group: Tessellated Geometry Alliance,entity,eth-labels,https://github.com/dawsbot/eth-labels,medium,2026-07-17
0x44a7af700aca1b24ecdb818df4d202772d606cb4,celo,tessellated-geometry-alliance,Validator: Tessellated Geometry,entity,eth-labels,https://github.com/dawsbot/eth-labels,medium,2026-07-17
0x81ae1c73a326325216e25ff1af9ea3871195036e,celo,the-celo-group,Validator Group: The Celo Group,entity,eth-labels,https://github.com/dawsbot/eth-labels,medium,2026-07-17
0x00400fcbf0816bebb94654259de7273f4a05c762,celo,token-contract,Poof Cash: POOF Token,entity,eth-labels,https://github.com/dawsbot/eth-labels,medium,2026-07-17
0x00be915b9dcf56a3cbe739d9b9c202ca692409ec,celo,token-contract,Ubeswap: UBE Token,entity,eth-labels,https://github.com/dawsbot/eth-labels,medium,2026-07-17
0x035ee610693a29cb77fd6efbeb9d9d278703e145,celo,token-contract,Truefeedback: TFBX Token,entity,eth-labels,https://github.com/dawsbot/eth-labels,medium,2026-07-17
0x03943c3ef00d92e130185cebc0bcc435def2cc94,celo,token-contract,Follow Me: FM Token,entity,eth-labels,https://github.com/dawsbot/eth-labels,medium,2026-07-17
0x17700282592d6917f6a73d0bf8accf4d578c131e,celo,token-contract,Moola Market: MOO Token,entity,eth-labels,https://github.com/dawsbot/eth-labels,medium,2026-07-17
0x1d18d0386f51ab03e7e84e71bda1681eba865f1f,celo,token-contract,JumpTask: JMPT Token,entity,eth-labels,https://github.com/dawsbot/eth-labels,medium,2026-07-17
0x20677d4f3d0f08e735ab512393524a3cfceb250c,celo,token-contract,Ariswap net: ARI Token,entity,eth-labels,https://github.com/dawsbot/eth-labels,medium,2026-07-17
0x27cd006548df7c8c8e9fdc4a67fa05c2e3ca5cf9,celo,token-contract,Plastiks: PLASTIK Token,entity,eth-labels,https://github.com/dawsbot/eth-labels,medium,2026-07-17
0x2aa5d15eb36e5960d056e8fea6e7bb3e2a06a351,celo,token-contract,Hedgey Finance: HDGY Token,entity,eth-labels,https://github.com/dawsbot/eth-labels,medium,2026-07-17
0x32a9fe697a32135bfd313a6ac28792dae4d9979d,celo,token-contract,MCO2: cMCO2 Token,entity,eth-labels,https://github.com/dawsbot/eth-labels,medium,2026-07-17
0x3a5024e3aab31a1d3184127b52b0e4b4e9adcc34,celo,token-contract,Moola Market: mMOO Token,entity,eth-labels,https://github.com/dawsbot/eth-labels,medium,2026-07-17
0x452ef5a4bd00796e62e5e5758548e0da6e8ccdf3,celo,token-contract,Celo Starter: CSTAR Token,entity,eth-labels,https://github.com/dawsbot/eth-labels,medium,2026-07-17
0x46c9757c5497c5b1f2eb73ae79b6b67d119b0b58,celo,token-contract,impactMarket: PACT Token,entity,eth-labels,https://github.com/dawsbot/eth-labels,medium,2026-07-17
0x4792c1ecb969b036eb51330c63bd27899a13d84e,celo,token-contract,Multichain: anyTFBX Token,entity,eth-labels,https://github.com/dawsbot/eth-labels,medium,2026-07-17
0x48065fbbe25f71c9282ddf5e1cd6d6a887483d5e,celo,token-contract,Tether: USD₮ Token,entity,eth-labels,https://github.com/dawsbot/eth-labels,medium,2026-07-17
0x5927fd244e11db1c7b1215619144d2aabac80a4f,celo,token-contract,CeloLaunch: cLA Token,entity,eth-labels,https://github.com/dawsbot/eth-labels,medium,2026-07-17
0x7037f7296b2fc7908de7b57a89efaa8319f0c500,celo,token-contract,Moola Market: mCELO Token,entity,eth-labels,https://github.com/dawsbot/eth-labels,medium,2026-07-17
0x73a210637f6f6b7005512677ba6b3c96bb4aa44b,celo,token-contract,Mobius Money: MOBI Token,entity,eth-labels,https://github.com/dawsbot/eth-labels,medium,2026-07-17
0x74c0c58b99b68cf16a717279ac2d056a34ba2bfe,celo,token-contract,Resource Finance: SOURCE Token,entity,eth-labels,https://github.com/dawsbot/eth-labels,medium,2026-07-17
0x774b29bf6017bb36e7b7595e8dfde19de6d4c583,celo,token-contract,Soft Balanced: USBL Token,entity,eth-labels,https://github.com/dawsbot/eth-labels,medium,2026-07-17
0x7d00cd74ff385c955ea3d79e47bf06bd7386387d,celo,token-contract,Moola Market: mCELO Token 2,entity,eth-labels,https://github.com/dawsbot/eth-labels,medium,2026-07-17
0x8427bd503dd3169ccc9aff7326c15258bc305478,celo,token-contract,Symmetric Finance: SYMM Token,entity,eth-labels,https://github.com/dawsbot/eth-labels,medium,2026-07-17
0x89718f712da063bac92cac3468f109db852b05ff,celo,token-contract,Ax Protocol: USX Token,entity,eth-labels,https://github.com/dawsbot/eth-labels,medium,2026-07-17
0x918146359264c492bd6934071c6bd31c854edbc3,celo,token-contract,Moola Market: mCUSD Token,entity,eth-labels,https://github.com/dawsbot/eth-labels,medium,2026-07-17
0x94140c2ea9d208d8476ca4e3045254169791c59e,celo,token-contract,Premio Finance: PREMIO Token,entity,eth-labels,https://github.com/dawsbot/eth-labels,medium,2026-07-17
0x9802d866fde4563d088a6619f7cef82c0b991a55,celo,token-contract,Moola Market: mCREAL Token,entity,eth-labels,https://github.com/dawsbot/eth-labels,medium,2026-07-17
0x9995cc8f20db5896943afc8ee0ba463259c931ed,celo,token-contract,EthicHub: ETHIX Token,entity,eth-labels,https://github.com/dawsbot/eth-labels,medium,2026-07-17
0x9dbed7f3985ec07a45d13d369907f3716f7f3dea,celo,token-contract,Story Earth: EARTH Token,entity,eth-labels,https://github.com/dawsbot/eth-labels,medium,2026-07-17
0xa86d2b5574824b767d9af2a074fb4a312b0fbf18,celo,token-contract,GTPS: GFI Token,entity,eth-labels,https://github.com/dawsbot/eth-labels,medium,2026-07-17
0xae978582de8ca83a53eb1d8f879ba854895f96b1,celo,token-contract,Tegisto: TGS Token,entity,eth-labels,https://github.com/dawsbot/eth-labels,medium,2026-07-17
0xb9c8f0d3254007ee4b98970b94544e473cd610ec,celo,token-contract,Mai Finance: MAI Token,entity,eth-labels,https://github.com/dawsbot/eth-labels,medium,2026-07-17
0xbabeaa76ba5d05037cfc7004e18e3eb65db1bb28,celo,token-contract,Prodox Ecosystem: DoX Token,entity,eth-labels,https://github.com/dawsbot/eth-labels,medium,2026-07-17
0xc668583dcbdc9ae6fa3ce46462758188adfdfc24,celo,token-contract,Staked Celo: stCELO Token,entity,eth-labels,https://github.com/dawsbot/eth-labels,medium,2026-07-17
0xc931f61b1534eb21d8c11b24f3f5ab2471d4ab50,celo,token-contract,Multichain: anyMAI Token,entity,eth-labels,https://github.com/dawsbot/eth-labels,medium,2026-07-17
0xcb7bbe3825f41e9d16277245515804caed9ad476,celo,token-contract,TIME Token Finance: D2 Token,entity,eth-labels,https://github.com/dawsbot/eth-labels,medium,2026-07-17
0xd252e98c5b6ea1e29a7e2789a9ec0493707a60b9,celo,token-contract,Kingdefi: KRW Token,entity,eth-labels,https://github.com/dawsbot/eth-labels,medium,2026-07-17
0xd629eb00deced2a080b7ec630ef6ac117e614f1b,celo,token-contract,Wrapped: WBTC Token,entity,eth-labels,https://github.com/dawsbot/eth-labels,medium,2026-07-17
0xde093684c796204224bc081f937aa059d903c52a,celo,token-contract,Brale: SBC Token,entity,eth-labels,https://github.com/dawsbot/eth-labels,medium,2026-07-17
0xe273ad7ee11dcfaa87383ad5977ee1504ac07568,celo,token-contract,Moolamarket: MCEUR Token,entity,eth-labels,https://github.com/dawsbot/eth-labels,medium,2026-07-17
0xe685d21b7b0fc7a248a6a8e03b8db22d013aa2ee,celo,token-contract,ImmortalDAO: IMMO Token,entity,eth-labels,https://github.com/dawsbot/eth-labels,medium,2026-07-17
0xeb466342c4d449bc9f53a865d5cb90586f405215,celo,token-contract,Axelar USDC: axlUSDC Token,entity,eth-labels,https://github.com/dawsbot/eth-labels,medium,2026-07-17
0xee9801669c6138e84bd50deb500827b776777d28,celo,token-contract,O3 Swap: O3 Token,entity,eth-labels,https://github.com/dawsbot/eth-labels,medium,2026-07-17
0xf899e3909b4492859d44260e1de41a9e663e70f5,celo,token-contract,RadioShack: RADIO Token,entity,eth-labels,https://github.com/dawsbot/eth-labels,medium,2026-07-17
0xf9d922c055a3f1759299467dafafdf43be844f7a,celo,token-contract,Minereum: MNEC Token,entity,eth-labels,https://github.com/dawsbot/eth-labels,medium,2026-07-17
0x067e453918f2c44d937b05a7ee9dbfb804c54add,celo,usopp-club,Validator Group: Usopp Club,entity,eth-labels,https://github.com/dawsbot/eth-labels,medium,2026-07-17
0x00a9e8869e40e038d0fae63d825a732e6fff48d1,celo,validator,Validator: Chain Vibes 1,entity,eth-labels,https://github.com/dawsbot/eth-labels,medium,2026-07-17
0x07adf41f00dd7ec9c63c445f3fad5ccbdc2a7c85,celo,validator,Validator Capital 2,entity,eth-labels,https://github.com/dawsbot/eth-labels,medium,2026-07-17
0x0f412760759a2fad4f07cee36bfdaa218814de89,celo,validator,Validator Capital 1,entity,eth-labels,https://github.com/dawsbot/eth-labels,medium,2026-07-17
0x1b4a54049a8652c4c3e62c8c6959f06280acfc6c,celo,validator,Validator: Myelin,entity,eth-labels,https://github.com/dawsbot/eth-labels,medium,2026-07-17
0x1dd301feaa72f4c07b3ca56ce0c27e98e66b77bd,celo,validator,Validator: Easy2Stake,entity,eth-labels,https://github.com/dawsbot/eth-labels,medium,2026-07-17
0x206296befffb68fce658535d443c732892162005,celo,validator,WOTrust 3,entity,eth-labels,https://github.com/dawsbot/eth-labels,medium,2026-07-17
0x233c06edc757003ca4ec078012f517f21a24c55c,celo,validator,Validator: Keyko,entity,eth-labels,https://github.com/dawsbot/eth-labels,medium,2026-07-17
0x29c9ca0186650063ba6fcac3a952613b11d6bc36,celo,validator,Validator: The Passive Trust V1,entity,eth-labels,https://github.com/dawsbot/eth-labels,medium,2026-07-17
0x474df04481f778b46fc71204c72b6a8be396f0ff,celo,validator,Zanshin V0,entity,eth-labels,https://github.com/dawsbot/eth-labels,medium,2026-07-17
0x4d540ec31f9cc5b1d10a329eb4eddf52cb3dc000,celo,validator,Validator: NGA Validator,entity,eth-labels,https://github.com/dawsbot/eth-labels,medium,2026-07-17
0x4e957bbc61afdab63263ffdbaf201f6f596e3e2d,celo,validator,Validator: Cypher Core 1,entity,eth-labels,https://github.com/dawsbot/eth-labels,medium,2026-07-17
0x580f29ab04b7ed4e5aa86584d38c9317d9cf0358,celo,validator,Validator: Cypher Core 2,entity,eth-labels,https://github.com/dawsbot/eth-labels,medium,2026-07-17
0x5c886da5e3b0e63f979633bdeb2a17be49f2e829,celo,validator,ZK Validator 2,entity,eth-labels,https://github.com/dawsbot/eth-labels,medium,2026-07-17
0x6ac7e3d0bdeb78ddcf3d9b15208b50c08271c213,celo,validator,WOTrust 2,entity,eth-labels,https://github.com/dawsbot/eth-labels,medium,2026-07-17
0x77ecf3c7ac7082344edfee10e41edb72fa3d1951,celo,validator,Validator: SwiftStaking 2,entity,eth-labels,https://github.com/dawsbot/eth-labels,medium,2026-07-17
0x7b3859147b1c173fff7182e58a4ec81c1d287224,celo,validator,Validator: Staking Fund 1,entity,eth-labels,https://github.com/dawsbot/eth-labels,medium,2026-07-17
0x943e9a5c750adcc467575f4fe81bf6b1c3a2aed7,celo,validator,Validator: AG x1,entity,eth-labels,https://github.com/dawsbot/eth-labels,medium,2026-07-17
0x989f3f2684f96b8cdec308b4e7538a5a062890f0,celo,validator,Validator: Celvaly 2,entity,eth-labels,https://github.com/dawsbot/eth-labels,medium,2026-07-17
0xb5fd5db8db85c4197251e37528dd2fc77e7ab372,celo,validator,Vladiator Labs 2,entity,eth-labels,https://github.com/dawsbot/eth-labels,medium,2026-07-17
0xbbc724bdf633287e8bc18ac45800e2ed13877a73,celo,validator,Validator: Kytzu,entity,eth-labels,https://github.com/dawsbot/eth-labels,medium,2026-07-17
0xcc5dbdf5c397d69dfc28da44f690492942c2910a,celo,validator,Validator: SwiftStaking,entity,eth-labels,https://github.com/dawsbot/eth-labels,medium,2026-07-17
0xd018838832f6112de72ee6cc9967c56b333a0d1c,celo,validator,Validator: Dynamic,entity,eth-labels,https://github.com/dawsbot/eth-labels,medium,2026-07-17
0xddbca691842fd452d8f53575fdfdc2314eb3ad57,celo,validator,Validator: moonli,entity,eth-labels,https://github.com/dawsbot/eth-labels,medium,2026-07-17
0xe51662a4448cc9994df7b28e4f0b38d678958b0d,celo,validator,Validator: Carnica,entity,eth-labels,https://github.com/dawsbot/eth-labels,medium,2026-07-17
0xe8302a78c4eb56ac1cd1d6aee25719dc54c63e59,celo,validator,Validator: Celvaly 1,entity,eth-labels,https://github.com/dawsbot/eth-labels,medium,2026-07-17
0xfaa0b40645ee5e8d9ae38393e8cdf8e5baa71d13,celo,validator,Validator: Staking Fund 2,entity,eth-labels,https://github.com/dawsbot/eth-labels,medium,2026-07-17
0xfe38631e7e164d20754387f7165b9c5b427da17b,celo,validator,Validator: Newroad Network,entity,eth-labels,https://github.com/dawsbot/eth-labels,medium,2026-07-17
0xb33e9e01e561a1da60f7cb42508500e571afb6eb,celo,validator-capital,Validator Group: Validator Capital,entity,eth-labels,https://github.com/dawsbot/eth-labels,medium,2026-07-17
0x061e9958028dcaa66fd8b255ad95194203b6c4da,celo,validator-group,Validator Group: Easy2Stake Group,entity,eth-labels,https://github.com/dawsbot/eth-labels,medium,2026-07-17
0x07fa1874ad4655ad0c763a7876503509be11e29e,celo,validator-group,Validator Group: Bi23 Labs,entity,eth-labels,https://github.com/dawsbot/eth-labels,medium,2026-07-17
0x15ed3f6b79f5fb9ef1d99d37314dd626b3005f0b,celo,validator-group,Validator Group: AG,entity,eth-labels,https://github.com/dawsbot/eth-labels,medium,2026-07-17
0x2af540161cbeb58fdc99b159c76e390598860510,celo,validator-group,Validator Group: ZK Validator 1,entity,eth-labels,https://github.com/dawsbot/eth-labels,medium,2026-07-17
0x2fd49e97262d505fd76bb6e0e06ec10e1fd54589,celo,validator-group,Validator Group: KeyKo,entity,eth-labels,https://github.com/dawsbot/eth-labels,medium,2026-07-17
0x44127722c6846f1da65c3806a86a8d85bf2a6db8,celo,validator-group,Validator Group: Rich Node Group,entity,eth-labels,https://github.com/dawsbot/eth-labels,medium,2026-07-17
0x5fb99f456b18a5f8853e143e4fc32529a438c7f2,celo,validator-group,Validator Group: CoinPayU,entity,eth-labels,https://github.com/dawsbot/eth-labels,medium,2026-07-17
0x70fc0b021dfdbb9a106d1ed8f35f59d3f23ecb7b,celo,validator-group,Validator Group: Vladiator Labs 1,entity,eth-labels,https://github.com/dawsbot/eth-labels,medium,2026-07-17
0x71dcc67baeecd9308e341359f70b782d9c3565b8,celo,validator-group,Validator Group: Virtual Hive,entity,eth-labels,https://github.com/dawsbot/eth-labels,medium,2026-07-17
0x7c75b0b81a54359e9dccda9cb663ca2e3de6b710,celo,validator-group,Validator Group: WOTrust 1,entity,eth-labels,https://github.com/dawsbot/eth-labels,medium,2026-07-17
0x8eb004dad9397b8f23e1279905c584920000756d,celo,validator-group,Validator Group: Zanshin Dojo,entity,eth-labels,https://github.com/dawsbot/eth-labels,medium,2026-07-17
0xb1dae25904f8ee7183ebef89459922215218b3bf,celo,validator-group,Validator Group: Vanas,entity,eth-labels,https://github.com/dawsbot/eth-labels,medium,2026-07-17
0xb87f2354e34b26ba6406ac60ea99dcd8cd5e63bf,celo,validator-group,Validator Group: The Passive Trust,entity,eth-labels,https://github.com/dawsbot/eth-labels,medium,2026-07-17
0xc24baeac0fd189637112b7e33d22fff2730af993,celo,validator-group,Validator Group: NGA Group,entity,eth-labels,https://github.com/dawsbot/eth-labels,medium,2026-07-17
0xc64df5be250264bf2888591d87cdeb13bfadc501,celo,validator-group,Validator Group: Kytzu Group,entity,eth-labels,https://github.com/dawsbot/eth-labels,medium,2026-07-17
0xc8a81d473992c7c6d3f469a8263f24914625709d,celo,validator-group,Validator Group: moonli 2,entity,eth-labels,https://github.com/dawsbot/eth-labels,medium,2026-07-17
0xd25c6a9fef4744e8d4f90bf6bdfaf7686909d799,celo,validator-group,Validator Group: Celvaly 1,entity,eth-labels,https://github.com/dawsbot/eth-labels,medium,2026-07-17
0xd72ed2e3db984bac3bb351fe652200de527effcf,celo,validator-group,Validator Group: Chain Vibes,entity,eth-labels,https://github.com/dawsbot/eth-labels,medium,2026-07-17
0xe141831c2c1198d79b9ff61cd97c3baca7f071e0,celo,validator-group,Validator Group: SwiftStaking,entity,eth-labels,https://github.com/dawsbot/eth-labels,medium,2026-07-17
0xee6c0fa803099837690d440b3108d03763ab7550,celo,validator-group,Validator Group: Google Cloud Web3,entity,eth-labels,https://github.com/dawsbot/eth-labels,medium,2026-07-17
0x0d0707963952f2fba59dd06f2b425ace40b492fe,celo,Gate.io,Gate.io (proof-of-reserves),exchange,defillama-cex,https://github.com/DefiLlama/DefiLlama-Adapters,high,2026-07-17
0x1c4b70a3968436b9a0a9cf5205c787eb81bb558c,celo,Gate.io,Gate.io (proof-of-reserves),exchange,defillama-cex,https://github.com/DefiLlama/DefiLlama-Adapters,high,2026-07-17
0x6596da8b65995d5feacff8c2936f0b7a2051b0d0,celo,Gate.io,Gate.io (proof-of-reserves),exchange,defillama-cex,https://github.com/DefiLlama/DefiLlama-Adapters,high,2026-07-17
0x85faa6c1f2450b9caea300838981c2e6e120c35c,celo,Gate.io,Gate.io (proof-of-reserves),exchange,defillama-cex,https://github.com/DefiLlama/DefiLlama-Adapters,high,2026-07-17
0xc882b111a75c0c657fc507c04fbfcd2cc984f071,celo,Gate.io,Gate.io (proof-of-reserves),exchange,defillama-cex,https://github.com/DefiLlama/DefiLlama-Adapters,high,2026-07-17
0xffeb0f61871acdb4838dfc6d5082f063e738e421,celo,Gate.io,Gate.io (proof-of-reserves),exchange,defillama-cex,https://github.com/DefiLlama/DefiLlama-Adapters,high,2026-07-17
0x0b73f67a49273fc4b9a65dbd25d7d0918e734e63,celo,bitfinex,Bitfinex 12,exchange,eth-labels,https://github.com/dawsbot/eth-labels,medium,2026-07-17
0x0cd76cd43992c665fdc2d8ac91b935ca3165e782,celo,bitfinex,Bitfinex 18,exchange,eth-labels,https://github.com/dawsbot/eth-labels,medium,2026-07-17
0x0e55c54249f25f70d519b7fb1c20e3331e7ba76d,celo,bitfinex,Bitfinex: Contract 2,exchange,eth-labels,https://github.com/dawsbot/eth-labels,medium,2026-07-17
0x1151314c646ce4e0efd76d1af4760ae66a9fe30f,celo,bitfinex,Bitfinex 1,exchange,eth-labels,https://github.com/dawsbot/eth-labels,medium,2026-07-17
0x14d06788090769f669427b6aea1c0240d2321f34,celo,bitfinex,Bitfinex: Deployer 6,exchange,eth-labels,https://github.com/dawsbot/eth-labels,medium,2026-07-17
0x1b29dd8ff0eb3240238bf97cafd6edea05d5ba82,celo,bitfinex,Bitfinex 6,exchange,eth-labels,https://github.com/dawsbot/eth-labels,medium,2026-07-17
0x1b8766d041567eed306940c587e21c06ab968663,celo,bitfinex,Bitfinex 14,exchange,eth-labels,https://github.com/dawsbot/eth-labels,medium,2026-07-17
0x28140cb1ac771d4add91ee23788e50249c10263d,celo,bitfinex,Bitfinex 16,exchange,eth-labels,https://github.com/dawsbot/eth-labels,medium,2026-07-17
0x2903cadbe271e057edef157340b52a5898d7424f,celo,bitfinex,Bitfinex: Deployer 4,exchange,eth-labels,https://github.com/dawsbot/eth-labels,medium,2026-07-17
0x2ee3b2df6534abc759ffe994f7b8dcdfaa02cd31,celo,bitfinex,Bitfinex: Deployer 2,exchange,eth-labels,https://github.com/dawsbot/eth-labels,medium,2026-07-17
0x30a2ebf10f34c6c4874b0bdd5740690fd2f3b70c,celo,bitfinex,Bitfinex 7,exchange,eth-labels,https://github.com/dawsbot/eth-labels,medium,2026-07-17
0x36928500bc1dcd7af6a2b4008875cc336b927d57,celo,bitfinex,Bitfinex: Deployer 5,exchange,eth-labels,https://github.com/dawsbot/eth-labels,medium,2026-07-17
0x36a85757645e8e8aec062a1dee289c7d615901ca,celo,bitfinex,Bitfinex 10,exchange,eth-labels,https://github.com/dawsbot/eth-labels,medium,2026-07-17
0x3f7e77b627676763997344a1ad71acb765fc8ac5,celo,bitfinex,Bitfinex 8,exchange,eth-labels,https://github.com/dawsbot/eth-labels,medium,2026-07-17
0x482f02e8bc15b5eabc52c6497b425b3ca3c821e8,celo,bitfinex,Bitfinex 13,exchange,eth-labels,https://github.com/dawsbot/eth-labels,medium,2026-07-17
0x4fdd5eb2fb260149a3903859043e962ab89d8ed4,celo,bitfinex,Bitfinex 5,exchange,eth-labels,https://github.com/dawsbot/eth-labels,medium,2026-07-17
0x53b36141490c419fa27ecabfeb8be1ecadc82431,celo,bitfinex,Bitfinex 17,exchange,eth-labels,https://github.com/dawsbot/eth-labels,medium,2026-07-17
0x59448fe20378357f206880c58068f095ae63d5a5,celo,bitfinex,Bitfinex 9,exchange,eth-labels,https://github.com/dawsbot/eth-labels,medium,2026-07-17
0x5a710a3cdf2af218740384c52a10852d8870626a,celo,bitfinex,Bitfinex 15,exchange,eth-labels,https://github.com/dawsbot/eth-labels,medium,2026-07-17
0x5dbdebcae07cc958ba5290ff9deaae554e29e7b4,celo,bitfinex,Bitfinex: Deployer 1,exchange,eth-labels,https://github.com/dawsbot/eth-labels,medium,2026-07-17
0x69c6dcc8f83b196605fa1076897af0e7e2b6b044,celo,bitfinex,Bitfinex: Old Contract 1,exchange,eth-labels,https://github.com/dawsbot/eth-labels,medium,2026-07-17
0x7180eb39a6264938fdb3effd7341c4727c382153,celo,bitfinex,Bitfinex: Old Address 2,exchange,eth-labels,https://github.com/dawsbot/eth-labels,medium,2026-07-17
0x742d35cc6634c0532925a3b844bc454e4438f44e,celo,bitfinex,Bitfinex 2,exchange,eth-labels,https://github.com/dawsbot/eth-labels,medium,2026-07-17
0x77134cbc06cb00b66f4c7e623d5fdbf6777635ec,celo,bitfinex,Bitfinex: Hot Wallet,exchange,eth-labels,https://github.com/dawsbot/eth-labels,medium,2026-07-17
0x7727e5113d1d161373623e5f49fd568b4f543a9e,celo,bitfinex,Bitfinex: Contract 1,exchange,eth-labels,https://github.com/dawsbot/eth-labels,medium,2026-07-17
0x8103683202aa8da10536036edef04cdd865c225e,celo,bitfinex,Bitfinex 20,exchange,eth-labels,https://github.com/dawsbot/eth-labels,medium,2026-07-17
0x876eabf441b2ee5b5b0554fd502a8e0600950cfa,celo,bitfinex,Bitfinex 3,exchange,eth-labels,https://github.com/dawsbot/eth-labels,medium,2026-07-17
0x8d5a41e85f4ce2433beef476305d307b9205d98d,celo,bitfinex,Bitfinex: Old Contract 2,exchange,eth-labels,https://github.com/dawsbot/eth-labels,medium,2026-07-17
0xab7c74abc0c4d48d1bdad5dcb26153fc8780f83e,celo,bitfinex,Bitfinex: MultiSig 1,exchange,eth-labels,https://github.com/dawsbot/eth-labels,medium,2026-07-17
0xc236c3ec83351b07f148afbadc252cce2c07972e,celo,bitfinex,Eth2 Depositor: Bitfinex 2,exchange,eth-labels,https://github.com/dawsbot/eth-labels,medium,2026-07-17
0xc56fefd1028b0534bfadcdb580d3519b5586246e,celo,bitfinex,Bitfinex 11,exchange,eth-labels,https://github.com/dawsbot/eth-labels,medium,2026-07-17
0xc61b9bb3a7a0767e3179713f3a5c7a9aedce193c,celo,bitfinex,Bitfinex: MultiSig 3,exchange,eth-labels,https://github.com/dawsbot/eth-labels,medium,2026-07-17
0xc6cde7c39eb2f0f0095f41570af89efc2c1ea828,celo,bitfinex,Bitfinex: MultiSig 2,exchange,eth-labels,https://github.com/dawsbot/eth-labels,medium,2026-07-17
0xcafb10ee663f465f9d10588ac44ed20ed608c11e,celo,bitfinex,Bitfinex: Old Address 1,exchange,eth-labels,https://github.com/dawsbot/eth-labels,medium,2026-07-17
0xdcd0272462140d0a3ced6c4bf970c7641f08cd2c,celo,bitfinex,Bitfinex 4,exchange,eth-labels,https://github.com/dawsbot/eth-labels,medium,2026-07-17
0xe1f3c653248de6894d683cb2f10de7ca2253046f,celo,bitfinex,Bitfinex: Deployer 3,exchange,eth-labels,https://github.com/dawsbot/eth-labels,medium,2026-07-17
0xe92d1a43df510f82c66382592a047d288f85226f,celo,bitfinex,Bitfinex 19,exchange,eth-labels,https://github.com/dawsbot/eth-labels,medium,2026-07-17
